"month_number","month","pred","lci","uci","bnf_chemical","data_source"
0,2015-08-01,1230.80247854626,1095.5318878383,1382.77557961802,"All chemicals","FOI"
1,2015-09-01,1252.42993525065,1118.04459431803,1402.96795913468,"All chemicals","FOI"
2,2015-10-01,1274.43742603173,1140.98850621676,1423.49440333611,"All chemicals","FOI"
3,2015-11-01,1296.83162878515,1164.36861169962,1444.36414424008,"All chemicals","FOI"
4,2015-12-01,1319.61933874945,1188.18954670695,1465.58703872441,"All chemicals","FOI"
5,2016-01-01,1342.80747056798,1212.45553192423,1487.17363691805,"All chemicals","FOI"
6,2016-02-01,1366.40306038704,1237.1703019155,1509.13525853662,"All chemicals","FOI"
7,2016-03-01,1390.41326799094,1262.33702578203,1531.48407780211,"All chemicals","FOI"
8,2016-04-01,1414.84537897452,1287.95821880004,1554.23321749566,"All chemicals","FOI"
9,2016-05-01,1439.70680695389,1314.03564465958,1577.39685252324,"All chemicals","FOI"
10,2016-06-01,1465.00509581598,1340.5702082023,1600.99032309907,"All chemicals","FOI"
11,2016-07-01,1490.74792200765,1367.5618389742,1625.03025723289,"All chemicals","FOI"
12,2016-08-01,1516.94309686502,1395.00936651551,1649.53470160148,"All chemicals","FOI"
13,2016-09-01,1543.59856898371,1422.91038915303,1674.52325904151,"All chemicals","FOI"
14,2016-10-01,1570.72242663072,1451.26113919209,1700.01722976897,"All chemicals","FOI"
15,2016-11-01,1598.32290019877,1480.05634887061,1726.03975196563,"All chemicals","FOI"
16,2016-12-01,1626.40836470363,1509.28912326109,1752.61593554886,"All chemicals","FOI"
17,2017-01-01,1654.9873423255,1538.95082847131,1779.77298077701,"All chemicals","FOI"
18,2017-02-01,1684.06850499489,1569.03100591213,1807.54027092473,"All chemicals","FOI"
19,2017-03-01,1713.66067702403,1599.51732587506,1835.94942578811,"All chemicals","FOI"
20,2017-04-01,1743.77283778451,1630.39559585088,1865.03430059141,"All chemicals","FOI"
21,2017-05-01,1774.41412443194,1661.64984040903,1894.83091347846,"All chemicals","FOI"
22,2017-06-01,1805.59383467852,1693.2624693644,1925.37728486527,"All chemicals","FOI"
23,2017-07-01,1837.32142961429,1725.21454860402,1956.71317428399,"All chemicals","FOI"
24,2017-08-01,1869.606536578,1757.48618260837,1988.87970568704,"All chemicals","FOI"
25,2017-09-01,1902.4589520784,1790.05700896463,2021.91888091691,"All chemicals","FOI"
26,2017-10-01,1935.88864476685,1822.90679324448,2055.87299297239,"All chemicals","FOI"
27,2017-11-01,1969.90575846222,1856.01609862412,2090.78396469689,"All chemicals","FOI"
28,2017-12-01,2004.52061522886,1889.36699068222,2126.69265245637,"All chemicals","FOI"
29,2018-01-01,2039.74371850873,1922.94372680633,2163.63816537979,"All chemicals","FOI"
30,2018-02-01,2075.58575630852,1956.73337455358,2201.65725581989,"All chemicals","FOI"
31,2018-03-01,2112.05760444282,1990.72630629844,2240.78383370496,"All chemicals","FOI"
32,2018-04-01,2149.17032983418,2024.91652898738,2281.04864596538,"All chemicals","FOI"
33,2018-05-01,2186.93519387133,2059.30182609941,2322.47914393981,"All chemicals","FOI"
34,2018-06-01,2225.36365582622,2093.88371047636,2365.09954010083,"All chemicals","FOI"
35,2018-07-01,2264.46737633123,2128.66720724772,2408.93103487909,"All chemicals","FOI"
36,2018-08-01,2304.25822091743,2163.66050185444,2453.99217858568,"All chemicals","FOI"
37,2018-09-01,2344.74826361505,2198.87449692892,2500.29932467923,"All chemicals","FOI"
38,2018-10-01,2385.94979061714,2234.32232319057,2547.8671292228,"All chemicals","FOI"
39,2018-11-01,2427.87530400773,2270.01884486199,2596.70905602944,"All chemicals","FOI"
40,2018-12-01,2470.53752555538,2305.98019160529,2646.83785550141,"All chemicals","FOI"
41,2019-01-01,2513.94940057343,2342.22333895253,2698.26599519321,"All chemicals","FOI"
42,2019-02-01,2558.12410184816,2378.76574955541,2751.00602977805,"All chemicals","FOI"
43,2019-03-01,2603.07503363582,2415.6250795076,2805.07090616867,"All chemicals","FOI"
44,2019-04-01,2648.81583573006,2452.81894801968,2860.47420551729,"All chemicals","FOI"
45,2019-05-01,2695.3603876007,2490.36476485114,2917.23032769508,"All chemicals","FOI"
46,2019-06-01,2742.72281260529,2528.27960782093,2975.35462593433,"All chemicals","FOI"
47,2019-07-01,2790.91748227469,2566.58014199166,3034.86350004333,"All chemicals","FOI"
48,2019-08-01,2839.9590206739,2605.2825723169,3095.77445640932,"All chemicals","FOI"
49,2019-09-01,2889.86230883957,2644.40262228525,3158.10614226153,"All chemicals","FOI"
50,2019-10-01,2940.64248929545,2683.95553210609,3221.87836065383,"All chemicals","FOI"
51,2019-11-01,2992.31497064721,2723.95607107035,3287.11207153978,"All chemicals","FOI"
52,2019-12-01,3044.89543225796,2764.41855976222,3353.82938326925,"All chemicals","FOI"
53,2020-01-01,3098.399829006,2805.35689873271,3422.05353790142,"All chemicals","FOI"
54,2020-02-01,3152.84439612608,2846.78460104372,3491.80889293106,"All chemicals","FOI"
55,2020-03-01,3208.24565413581,2888.71482675046,3563.1209013663,"All chemicals","FOI"
56,2020-04-01,3264.62041384859,2931.16041791798,3636.01609156799,"All chemicals","FOI"
57,2020-05-01,3321.98578147461,2974.13393318195,3710.52204784631,"All chemicals","FOI"
58,2020-06-01,3380.35916381161,3017.64768118277,3786.66739249241,"All chemicals","FOI"
59,2020-07-01,3439.75827352662,3061.71375244138,3864.48176968214,"All chemicals","FOI"
60,2020-08-01,3500.59526653851,2457.82935262156,4985.76811569174,"All chemicals","FOI"
61,2020-09-01,4214.00050052934,3281.63238407053,5411.27041062254,"All chemicals","FOI"
62,2020-10-01,5072.79444390636,4135.91815306695,6221.89378942254,"All chemicals","FOI"
63,2020-11-01,6106.60664774358,4755.49021161682,7841.59846637296,"All chemicals","FOI"
64,2020-12-01,7351.10502950915,5161.33981224212,10469.9064817823,"All chemicals","FOI"
65,2021-01-01,7798.69526196819,6906.68637528322,8805.90843196513,"All chemicals","FOI"
66,2021-02-01,8135.62327169723,7229.08629898124,9155.84117847773,"All chemicals","FOI"
67,2021-03-01,8487.10762449736,7566.27389771029,9520.0090300193,"All chemicals","FOI"
68,2021-04-01,8853.77719988431,7918.89079586247,9899.03418622072,"All chemicals","FOI"
69,2021-05-01,9236.28804693446,8287.60076712981,10293.5722029826,"All chemicals","FOI"
70,2021-06-01,9635.32455809471,8673.08952112096,10704.3146636199,"All chemicals","FOI"
71,2021-07-01,10051.6006937047,9076.06428457896,11131.9921650789,"All chemicals","FOI"
72,2021-08-01,10485.8612594223,9497.25314220732,11577.3776591468,"All chemicals","FOI"
73,2021-09-01,10938.8832388374,9937.40410021857,12041.2901906933,"All chemicals","FOI"
74,2021-10-01,11411.4771836596,10397.2838355254,12524.5990754088,"All chemicals","FOI"
75,2021-11-01,11904.4886639657,10877.6760960684,13028.228557174,"All chemicals","FOI"
76,2021-12-01,12418.7997811025,11379.3797245659,13553.1629786609,"All chemicals","FOI"
77,2022-01-01,12955.3307459519,11903.2062908719,14100.4524861268,"All chemicals","FOI"
78,2022-02-01,13515.0415253821,12449.9773394655,14671.219268311,"All chemicals","FOI"
79,2022-03-01,14098.9335598303,13020.5212909927,15266.6642972291,"All chemicals","FOI"
80,2022-04-01,14708.0515550906,13615.6700828816,15888.0744928728,"All chemicals","FOI"
81,2022-05-01,15343.4853515123,14236.2556957779,16536.8301724092,"All chemicals","FOI"
82,2022-06-01,16006.3718739544,14883.1067900871,17214.4125672716,"All chemicals","FOI"
83,2022-07-01,16697.897165983,15557.0457671107,17922.4111016759,"All chemicals","FOI"
84,2022-08-01,17419.2985119532,16258.8866636266,18662.5300321057,"All chemicals","FOI"
85,2022-09-01,18171.8666507712,16989.4343716997,19436.5939647451,"All chemicals","FOI"
86,2022-10-01,18956.9480852983,17749.4857234954,20246.551720256,"All chemicals","FOI"
87,2022-11-01,19775.9474915279,18539.8329643413,21094.4780322385,"All chemicals","FOI"
88,2022-12-01,20630.330231846,19361.2700264486,21982.5726769788,"All chemicals","FOI"
89,2023-01-01,21521.6249768742,20214.601791382,22913.1568568757,"All chemicals","FOI"
90,2023-02-01,22451.4264405826,21100.6561962605,23888.6669935043,"All chemicals","FOI"
91,2023-03-01,23421.3982335687,22020.2986370355,24911.6464884267,"All chemicals","FOI"
92,2023-04-01,24433.2758396076,22974.4477286651,25984.7364038918,"All chemicals","FOI"
93,2023-05-01,25488.8697207977,23964.0911945224,27110.6663036026,"All chemicals","FOI"
94,2023-06-01,26590.0685568584,24990.30056456,28292.2465871062,"All chemicals","FOI"
95,2023-07-01,27738.8426243759,26054.2435066181,29532.363507098,"All chemicals","FOI"
96,2023-08-01,28937.2473220432,27157.1929740306,30833.9777007821,"All chemicals","FOI"
97,2023-09-01,30187.4268482006,28300.5328381194,32200.1265816456,"All chemicals","FOI"
98,2023-10-01,31491.6180372584,29485.7601680935,33633.9304447616,"All chemicals","FOI"
99,2023-11-01,32852.1543618644,30714.4847156454,35138.6017446683,"All chemicals","FOI"
100,2023-12-01,34271.4701079781,31988.4263938151,36717.4567733389,"All chemicals","FOI"
101,2024-01-01,35752.1047303208,33309.4116002369,38373.9289059893,"All chemicals","FOI"
102,2024-02-01,37296.7073959943,34679.3691577594,40111.5826604123,"All chemicals","FOI"
103,2024-03-01,38908.0417243993,36100.3264852066,41934.1279765973,"All chemicals","FOI"
104,2024-04-01,40588.9907319323,37574.4064217597,43845.4343135764,"All chemicals","FOI"
105,2024-05-01,42342.5619903083,39103.8249503349,45849.544339466,"All chemicals","FOI"
106,2024-06-01,44171.8930077408,40690.889921048,47950.6871359438,"All chemicals","FOI"
107,2024-07-01,46080.2568426046,42338.0007727957,50153.290942467,"All chemicals","FOI"
108,2024-08-01,48071.0679596251,44047.6491867107,52461.9955308779,"All chemicals","FOI"
109,2024-09-01,50147.8883390765,45822.4205719598,54881.6643354581,"All chemicals","FOI"
110,2024-10-01,52314.4338499131,47664.9962733368,57417.3964756579,"All chemicals","FOI"
111,2024-11-01,54574.5808982418,49578.156393558,60074.5388064842,"All chemicals","FOI"
112,2024-12-01,56932.3733630292,51564.7831340081,62858.6981220066,"All chemicals","FOI"
113,2025-01-01,59392.0298314519,53627.8645728086,65775.7536235855,"All chemicals","FOI"
114,2025-02-01,61957.951146837,55770.4988142142,68831.8697507408,"All chemicals","FOI"
115,2025-03-01,64634.7282826994,57995.8984580121,72033.5094593441,"All chemicals","FOI"
116,2025-04-01,67427.150556957,60307.3953502847,75387.4480206527,"All chemicals","FOI"
117,2025-05-01,70340.2142010316,62708.4455878039,78900.7874054096,"All chemicals","FOI"
118,2025-06-01,73379.1312991576,65202.6347571146,82580.9713100816,"All chemicals","FOI"
119,2025-07-01,76549.3391138979,67793.6833964113,86435.8008770583,"All chemicals","FOI"
0,2015-08-01,77609.1773775297,75813.7714161038,79447.1017693952,"All chemicals","GP"
1,2015-09-01,84144.4877494435,82825.0868465201,85484.906665253,"All chemicals","GP"
2,2015-10-01,84691.0959015735,83377.3788845363,86025.5122068822,"All chemicals","GP"
3,2015-11-01,85200.1695198505,84037.5511629671,86378.8721322252,"All chemicals","GP"
4,2015-12-01,86014.2885464771,84194.1585403498,87873.7665702892,"All chemicals","GP"
5,2016-01-01,87086.8343904719,85607.7647725937,88591.4583133871,"All chemicals","GP"
6,2016-02-01,80618.6858057208,79367.4739122891,81889.6227971692,"All chemicals","GP"
7,2016-03-01,91172.5963287424,89331.8811311948,93051.2401179147,"All chemicals","GP"
8,2016-04-01,85653.9459644693,84019.334428281,87320.3591674099,"All chemicals","GP"
9,2016-05-01,89259.149095492,87284.2211495291,91278.7625566647,"All chemicals","GP"
10,2016-06-01,89470.8753510006,87793.2785093048,91180.528532442,"All chemicals","GP"
11,2016-07-01,88886.139538627,87946.7983784309,89835.5136031642,"All chemicals","GP"
12,2016-08-01,82769.7030293369,81060.5239203229,84514.9205586005,"All chemicals","GP"
13,2016-09-01,89739.5707301201,88474.2005627488,91023.0383954094,"All chemicals","GP"
14,2016-10-01,90322.5249109785,89091.2853937107,91570.7801300872,"All chemicals","GP"
15,2016-11-01,90865.4487458735,89867.8566912178,91874.1147255582,"All chemicals","GP"
16,2016-12-01,91733.7016038651,89972.7380561227,93529.1310652106,"All chemicals","GP"
17,2017-01-01,92877.5650487894,91471.6005070111,94305.1399732633,"All chemicals","GP"
18,2017-02-01,85979.3249746137,84854.7036952426,87118.8514150063,"All chemicals","GP"
19,2017-03-01,97235.0046417149,95348.6928294149,99158.6339268364,"All chemicals","GP"
20,2017-04-01,91349.3984903747,89789.4491190613,92936.4495096539,"All chemicals","GP"
21,2017-05-01,95194.3251163022,93047.786665873,97390.3825019396,"All chemicals","GP"
22,2017-06-01,95420.1298456413,93614.9248719614,97260.1451340382,"All chemicals","GP"
23,2017-07-01,94796.5127532279,93769.3071177592,95834.9710197543,"All chemicals","GP"
24,2017-08-01,88273.371411205,86503.8820931181,90079.0567053691,"All chemicals","GP"
25,2017-09-01,95706.6917895581,94233.5352718351,97202.8782203523,"All chemicals","GP"
26,2017-10-01,96328.4087830863,94911.9508253939,97766.0058400013,"All chemicals","GP"
27,2017-11-01,96907.433662621,95759.3414906525,98069.2907124053,"All chemicals","GP"
28,2017-12-01,97833.4199137154,95942.1892868453,99761.9308372995,"All chemicals","GP"
29,2018-01-01,99053.343134676,97472.0093947458,100660.331587303,"All chemicals","GP"
30,2018-02-01,91696.4131728089,90444.0224501425,92966.1459207383,"All chemicals","GP"
31,2018-03-01,103700.525249753,101551.254221943,105895.284302171,"All chemicals","GP"
32,2018-04-01,97423.5630430243,95725.5516661672,99151.694305176,"All chemicals","GP"
33,2018-05-01,101747.832905659,99856.2252805299,103675.273844107,"All chemicals","GP"
34,2018-06-01,102248.016830074,100409.829874881,104119.855184601,"All chemicals","GP"
35,2018-07-01,101837.571163649,100339.083949513,103358.437134324,"All chemicals","GP"
36,2018-08-01,95070.5850603451,92941.3801906228,97248.5681316386,"All chemicals","GP"
37,2018-09-01,103337.877846103,101213.666672076,105506.670678519,"All chemicals","GP"
38,2018-10-01,104273.127975518,102253.760008657,106332.37562001,"All chemicals","GP"
39,2018-11-01,105166.129154213,103562.065680538,106795.037822029,"All chemicals","GP"
40,2018-12-01,106440.477231767,103884.404337325,109059.442229054,"All chemicals","GP"
41,2019-01-01,108041.224351557,105656.354680627,110479.925175043,"All chemicals","GP"
42,2019-02-01,100270.571083007,98357.9899253997,102220.34257652,"All chemicals","GP"
43,2019-03-01,113684.924540889,110944.999925687,116492.514998643,"All chemicals","GP"
44,2019-04-01,107074.661932803,104965.555997805,109226.1467968,"All chemicals","GP"
45,2019-05-01,111864.648009786,109306.06889259,114483.117004693,"All chemicals","GP"
46,2019-06-01,112414.565359837,110235.190223572,114637.027245214,"All chemicals","GP"
47,2019-07-01,111963.308967533,110611.038354107,113332.111708667,"All chemicals","GP"
48,2019-08-01,104523.479568561,102039.810369247,107067.601768221,"All chemicals","GP"
49,2019-09-01,113612.791557448,111749.224452427,115507.436125171,"All chemicals","GP"
50,2019-10-01,114641.033865322,112573.717429356,116746.314733342,"All chemicals","GP"
51,2019-11-01,115622.826397646,113980.366538629,117288.954143252,"All chemicals","GP"
52,2019-12-01,117023.883256221,114483.210573015,119620.939907441,"All chemicals","GP"
53,2020-01-01,118783.793103873,116093.250415788,121536.691010117,"All chemicals","GP"
54,2020-02-01,110240.501636443,108176.782873533,112343.590539777,"All chemicals","GP"
55,2020-03-01,124988.647960465,121924.582986911,128129.715404991,"All chemicals","GP"
56,2020-04-01,117721.12511709,115395.666701256,120093.446270481,"All chemicals","GP"
57,2020-05-01,122987.380831552,119194.53025842,126900.922475314,"All chemicals","GP"
58,2020-06-01,123591.976615473,120364.587416817,126905.903235667,"All chemicals","GP"
59,2020-07-01,123095.851675554,120852.545032291,125380.799350824,"All chemicals","GP"
60,2020-08-01,114916.277986348,111508.234199641,118428.482353979,"All chemicals","GP"
61,2020-09-01,124909.342774575,122503.114451312,127362.834669622,"All chemicals","GP"
62,2020-10-01,126039.823498875,123137.900847281,129010.134153009,"All chemicals","GP"
63,2020-11-01,127119.235933624,124492.856716081,129801.022890825,"All chemicals","GP"
64,2020-12-01,128659.600262282,125456.835481311,131944.127844002,"All chemicals","GP"
65,2021-01-01,130594.498431751,126920.463226851,134374.88791825,"All chemicals","GP"
66,2021-02-01,121201.745136108,118254.40104967,124222.548113605,"All chemicals","GP"
67,2021-03-01,137972.503834374,134793.752136171,141226.217926595,"All chemicals","GP"
68,2021-04-01,130476.086368658,128186.27166398,132806.804450224,"All chemicals","GP"
69,2021-05-01,136864.751120314,133357.933712438,140463.784776521,"All chemicals","GP"
70,2021-06-01,138094.340121968,135245.783905588,141002.8928298,"All chemicals","GP"
71,2021-07-01,138096.782618393,136317.035553499,139899.765954544,"All chemicals","GP"
72,2021-08-01,129442.304475807,126401.724879797,132556.024879732,"All chemicals","GP"
73,2021-09-01,141268.114949235,139049.651713323,143521.972586128,"All chemicals","GP"
74,2021-10-01,143123.700012987,140575.178516888,145718.42427322,"All chemicals","GP"
75,2021-11-01,144933.768409,143112.543437431,146778.169968151,"All chemicals","GP"
76,2021-12-01,147283.823582588,144473.458526733,150148.85716945,"All chemicals","GP"
77,2022-01-01,150104.00364665,147579.125508416,152672.079016139,"All chemicals","GP"
78,2022-02-01,139872.007905249,137654.847520995,142124.879346963,"All chemicals","GP"
79,2022-03-01,159226.277012548,155642.999697384,162892.050015551,"All chemicals","GP"
80,2022-04-01,150575.084848705,148239.375923558,152947.595980749,"All chemicals","GP"
81,2022-05-01,157947.882146843,154128.212267049,161862.212684642,"All chemicals","GP"
82,2022-06-01,159366.881393419,156018.216400334,162787.419770872,"All chemicals","GP"
83,2022-07-01,159369.700140644,157401.798338754,161362.205457504,"All chemicals","GP"
84,2022-08-01,149382.055531507,145977.786974832,152865.713183236,"All chemicals","GP"
85,2022-09-01,163029.555736332,160436.928107746,165664.079692029,"All chemicals","GP"
86,2022-10-01,165170.981695638,162509.606769714,167875.941223342,"All chemicals","GP"
87,2022-11-01,167259.87943849,165133.824082379,169413.307208474,"All chemicals","GP"
88,2022-12-01,169971.945434724,166665.010724547,173344.495699899,"All chemicals","GP"
89,2023-01-01,173226.556024706,170561.451899244,175933.30367466,"All chemicals","GP"
90,2023-02-01,161418.387418391,159061.23088029,163810.475076504,"All chemicals","GP"
91,2023-03-01,183754.056690246,179536.820156157,188070.354152166,"All chemicals","GP"
92,2023-04-01,173770.204243656,171203.009344829,176375.894316568,"All chemicals","GP"
93,2023-05-01,182278.733351455,177974.584758891,186686.973745285,"All chemicals","GP"
94,2023-06-01,183916.320267955,179794.725042067,188132.39850608,"All chemicals","GP"
95,2023-07-01,183919.573224987,181423.646399748,186449.837639842,"All chemicals","GP"
96,2023-08-01,172393.396464823,168418.9387493,176461.645972705,"All chemicals","GP"
97,2023-09-01,188143.20593955,184861.606768955,191483.058921223,"All chemicals","GP"
98,2023-10-01,190614.504738386,187617.63230321,193659.247111384,"All chemicals","GP"
99,2023-11-01,193025.183688254,190224.700381784,195866.895640289,"All chemicals","GP"
100,2023-12-01,196155.025936469,192051.004639395,200346.747846401,"All chemicals","GP"
101,2024-01-01,199910.988269301,196842.857928642,203026.940633509,"All chemicals","GP"
102,2024-02-01,186283.847547284,183518.494311579,189090.870580614,"All chemicals","GP"
103,2024-03-01,212060.182424923,206902.524571657,217346.41016677,"All chemicals","GP"
104,2024-04-01,200538.381985457,197424.892403257,203700.972860105,"All chemicals","GP"
105,2024-05-01,210357.595053548,205313.917742333,215525.173759755,"All chemicals","GP"
106,2024-06-01,212247.441658866,207016.836960069,217610.205779655,"All chemicals","GP"
107,2024-07-01,212251.195712921,208822.607796648,215736.076456985,"All chemicals","GP"
108,2024-08-01,198949.485859829,194124.21475366,203894.696878068,"All chemicals","GP"
109,2024-09-01,217125.451770603,212781.353104176,221558.238627739,"All chemicals","GP"
110,2024-10-01,219977.438189554,216297.606759684,223719.873915213,"All chemicals","GP"
111,2024-11-01,222759.466663291,218873.417779782,226714.511480971,"All chemicals","GP"
112,2024-12-01,226371.44089707,221103.924778837,231764.448799693,"All chemicals","GP"
113,2025-01-01,230705.984970968,226849.105294684,234628.439165689,"All chemicals","GP"
114,2025-02-01,214979.671225895,211430.212890101,218588.717329707,"All chemicals","GP"
115,2025-03-01,244726.684025792,238248.872273564,251380.622719134,"All chemicals","GP"
116,2025-04-01,231430.024637339,227362.900381625,235569.902625891,"All chemicals","GP"
117,2025-05-01,242761.824065303,236636.372949609,249045.835553197,"All chemicals","GP"
118,2025-06-01,244942.78933539,238206.110190823,251869.987715002,"All chemicals","GP"
119,2025-07-01,244947.121677228,240157.703511636,249832.054273669,"All chemicals","GP"
0,2019-01-01,109520.921190457,98105.6953716244,120936.14700929,"All chemicals","SCMD"
1,2019-02-01,110752.619109513,100670.964642806,120834.27357622,"All chemicals","SCMD"
2,2019-03-01,111984.317028572,103142.121130664,120826.51292648,"All chemicals","SCMD"
3,2019-04-01,113216.014947631,105473.832114109,120958.197781153,"All chemicals","SCMD"
4,2019-05-01,114447.712866689,107598.577375389,121296.848357989,"All chemicals","SCMD"
5,2019-06-01,115679.410785748,109427.034105757,121931.787465738,"All chemicals","SCMD"
6,2019-07-01,116911.108704806,110870.73896955,122951.478440061,"All chemicals","SCMD"
7,2019-08-01,118142.806623864,111890.429943873,124395.183303854,"All chemicals","SCMD"
8,2019-09-01,119374.504542922,112525.369051622,126223.640034222,"All chemicals","SCMD"
9,2019-10-01,120606.20246198,112864.019628458,128348.385295502,"All chemicals","SCMD"
10,2019-11-01,121837.900381038,112995.704483131,130680.096278946,"All chemicals","SCMD"
11,2019-12-01,123069.598300097,112987.94383339,133151.252766803,"All chemicals","SCMD"
12,2020-01-01,124301.296219155,112886.070400321,135716.522037988,"All chemicals","SCMD"
13,2020-02-01,124581.10939888,104699.81867532,144462.40012244,"All chemicals","SCMD"
14,2020-03-01,107635.213508207,95061.1812061217,120209.245810292,"All chemicals","SCMD"
15,2020-04-01,90689.3176175339,70808.0268939742,110570.608341093,"All chemicals","SCMD"
16,2020-05-01,79705.894889487,73911.7668562363,85500.0229227377,"All chemicals","SCMD"
17,2020-06-01,82264.8325941008,76629.3959448157,87900.2692433859,"All chemicals","SCMD"
18,2020-07-01,84823.7702987145,79345.374815439,90302.16578199,"All chemicals","SCMD"
19,2020-08-01,87382.7080033283,82059.5574141654,92705.8585924911,"All chemicals","SCMD"
20,2020-09-01,89941.6457079419,84771.7819187015,95111.5094971823,"All chemicals","SCMD"
21,2020-10-01,92500.5834125557,87481.8689073901,97519.2979177213,"All chemicals","SCMD"
22,2020-11-01,95059.5211171695,90189.6193471046,99929.4228872343,"All chemicals","SCMD"
23,2020-12-01,97618.4588217831,92894.8124022815,102342.105241285,"All chemicals","SCMD"
24,2021-01-01,100177.396526397,95597.2030781321,104757.589974662,"All chemicals","SCMD"
25,2021-02-01,102736.334231011,98296.5197268627,107176.148735158,"All chemicals","SCMD"
26,2021-03-01,105295.271935624,100992.461468079,109598.08240317,"All chemicals","SCMD"
27,2021-04-01,107854.209640238,103684.695605166,112023.72367531,"All chemicals","SCMD"
28,2021-05-01,110413.147344852,106372.855160074,114453.439529629,"All chemicals","SCMD"
29,2021-06-01,112972.085049465,109056.536701055,116887.633397876,"All chemicals","SCMD"
30,2021-07-01,115531.022754079,111735.298701967,119326.746806192,"All chemicals","SCMD"
31,2021-08-01,118089.960458693,114408.660746436,121771.26017095,"All chemicals","SCMD"
32,2021-09-01,120648.898163307,117076.103970544,124221.692356069,"All chemicals","SCMD"
33,2021-10-01,123207.83586792,119737.073214428,126678.598521413,"All chemicals","SCMD"
34,2021-11-01,125766.773572534,122390.981409124,129142.565735944,"All chemicals","SCMD"
35,2021-12-01,128325.711277148,125037.216736339,131614.205817957,"All chemicals","SCMD"
36,2022-01-01,130884.648981762,127675.153033809,134094.144929715,"All chemicals","SCMD"
37,2022-02-01,133443.586686375,130304.163743282,136583.009629469,"All chemicals","SCMD"
38,2022-03-01,136002.524390989,132923.639386321,139081.409395658,"All chemicals","SCMD"
39,2022-04-01,138561.462095603,135533.008099092,141589.916092114,"All chemicals","SCMD"
40,2022-05-01,141120.399800217,138131.758197974,144109.041402459,"All chemicals","SCMD"
41,2022-06-01,143679.33750483,140719.461168733,146639.213840928,"All chemicals","SCMD"
42,2022-07-01,146238.275209444,143295.793008306,149180.757410582,"All chemicals","SCMD"
43,2022-08-01,148797.212914058,145860.551652753,151733.874175363,"All chemicals","SCMD"
44,2022-09-01,151356.150618671,148413.668417535,154298.632819808,"All chemicals","SCMD"
45,2022-10-01,153915.088323285,150955.211987186,156874.964659384,"All chemicals","SCMD"
46,2022-11-01,156474.026027899,153485.384425657,159462.667630142,"All chemicals","SCMD"
47,2022-12-01,159032.963732513,156004.509736003,162061.417729022,"All chemicals","SCMD"
48,2023-01-01,161591.901437127,158513.01643245,164670.786441803,"All chemicals","SCMD"
49,2023-02-01,164150.83914174,161011.41619865,167290.26208483,"All chemicals","SCMD"
50,2023-03-01,166709.776846354,163500.280898403,169919.272794305,"All chemicals","SCMD"
51,2023-04-01,169268.714550968,165980.220010155,172557.20909178,"All chemicals","SCMD"
52,2023-05-01,171827.652255581,168451.860092168,175203.444418995,"All chemicals","SCMD"
53,2023-06-01,174386.589960195,170915.8273067,177857.35261369,"All chemicals","SCMD"
54,2023-07-01,176945.527664809,173372.733472037,180518.32185758,"All chemicals","SCMD"
55,2023-08-01,179504.465369423,175823.165657172,183185.765081673,"All chemicals","SCMD"
56,2023-09-01,182063.403074036,178267.679021917,185859.127126156,"All chemicals","SCMD"
57,2023-10-01,184622.34077865,180706.792430229,188537.889127071,"All chemicals","SCMD"
58,2023-11-01,187181.278483264,183140.986298491,191221.570668036,"All chemicals","SCMD"
59,2023-12-01,189740.216187877,185570.702152806,193909.730222949,"All chemicals","SCMD"
60,2024-01-01,192299.153892491,187996.343424942,196601.96436004,"All chemicals","SCMD"
61,2024-02-01,194858.091597105,190418.277092969,199297.90610124,"All chemicals","SCMD"
62,2024-03-01,197417.029301719,192836.835853443,201997.222749995,"All chemicals","SCMD"
63,2024-04-01,199975.967006332,195252.320586834,204699.61342583,"All chemicals","SCMD"
64,2024-05-01,202534.904710946,197665.002940871,207404.806481021,"All chemicals","SCMD"
65,2024-06-01,205093.84241556,200075.127910399,210112.556920721,"All chemicals","SCMD"
66,2024-07-01,207652.780120174,202482.916330934,212822.643909413,"All chemicals","SCMD"
67,2024-08-01,210211.717824787,204888.567235613,215534.868413962,"All chemicals","SCMD"
68,2024-09-01,212770.655529401,207292.260046128,218249.051012674,"All chemicals","SCMD"
69,2024-10-01,215329.593234015,209694.156584719,220965.02988331,"All chemicals","SCMD"
70,2024-11-01,217888.530938629,212094.402905373,223682.658971884,"All chemicals","SCMD"
71,2024-12-01,220392.905199092,208977.679380258,231808.131017925,"All chemicals","SCMD"
72,2025-01-01,215971.988687786,205890.334221078,226053.643154495,"All chemicals","SCMD"
73,2025-02-01,211551.072176481,202708.876278562,220393.2680744,"All chemicals","SCMD"
74,2025-03-01,207130.155665176,199387.972831645,214872.338498706,"All chemicals","SCMD"
75,2025-04-01,202709.239153871,195860.103662565,209558.374645176,"All chemicals","SCMD"
76,2025-05-01,198288.322642565,192035.945962564,204540.699322565,"All chemicals","SCMD"
77,2025-06-01,193867.40613126,187827.036396009,199907.77586651,"All chemicals","SCMD"
78,2025-07-01,189446.489619954,183194.112939966,195698.866299943,"All chemicals","SCMD"
79,2025-08-01,185025.573108649,178176.437617346,191874.708599952,"All chemicals","SCMD"
80,2025-09-01,180604.656597344,172862.473763817,188346.839430871,"All chemicals","SCMD"
81,2025-10-01,176183.740086039,167341.544188124,185025.935983954,"All chemicals","SCMD"
82,2025-11-01,171762.823574733,161681.169108029,181844.478041437,"All chemicals","SCMD"
83,2025-12-01,167341.907063428,155926.6812446,178757.132882256,"All chemicals","SCMD"
